Term,Frequency
better,116
non-monetary,1
benefits,25
company,37
outings,13
safety,1
meeting,2
discussing,1
wha,1
careerpromotions,122
dont,16
want,2
answer,5
board,2
members,1
listen,67
pay,243
even,5
new,4
employee,23
starts,1
recognize,15
good,26
works,8
boot,1
planning,1
retire,1
day,2
c,4
treat,27
employees,79
respect,20
higher,15
wage,4
pension,186
know,16
401k,15
raise,21
industry,7
standard,7
im,4
satisfied,2
sponsored,7
after-work,6
eve,5
incentives,25
could,14
communicate,4
let,2
us,12
reward,12
benefit,21
allow,4
advancement,3
take,38
action,35
practice,1
preach,1
hold,1
th,3
nc,1
raised,1
social,97
events,100
focused,1
performance,12
across,2
busi,1
need,7
training,6
up-to-date,1
skills,2
periodic,1
extra,1
offer,27
fair,3
compensation,16
like,9
many,4
ot,1
vacation,22
time,29
would,9
change,2
one,3
w,4
retirement,3
fund,1
make,11
perks,8
appealing,3
stop,8
rewarding,1
give,14
credit,1
childcare,9
support,8
rollover,15
wages,2
cost,3
living,2
raises,11
insurance,7
appre,1
perk,12
quit,1
promoting,1
worst,1
manageme,1
activities,5
reorganizing,1
every,3
year,4
two,1
education,9
reimbursement,12
occasional,1
focus,2
groups,1
get,10
idea,2
flexible,9
working,10
hours,10
provide,7
act,6
keep,10
longe,4
previous,4
question,2
transparency,1
honesty,1
management,13
actually,6
believe,1
whole,1
state,1
bri,1
nil,1
show,2
actively,1
suggesti,1
informed,2
occurring,1
unknown,1
comment,17
something,2
promote,1
within,1
secretiv,1
college,5
hard,3
identify,1
words,1
much,7
probl,1
yes,3
treatment,1
non,1
sales,4
na,1
improve,14
communication,24
intra,1
departments,5
think,11
mostly,1
happy,3
far,5
improving,2
work,16
environment,1
offi,1
sure,7
meals,1
everyone,2
subsistence,1
drastically,1
sourcing,1
jobs,1
remain,1
flex,2
twice,1
rules,1
must,1
f,2
facilities,303
acknowledgement,2
merit,2
ad,1
selecting,1
level,2
people,10
respond,8
concerns,7
offe,1
little,1
bonus,11
syste,1
honest,1
package,8
healthcare,6
may,1
verbal,1
praise,1
things,2
ri,1
encouragement,2
staff,4
development,2
tim,1
frequent,1
increase,14
see,3
plan,1
group,1
togethers,1
feel,3
subcontracts,1
outing,8
job,14
retaining,1
none,9
yearly,3
event,1
spouses,1
matching,2
less,5
politics,2
emphasis,2
frequently,1
review,5
overall,1
structure,2
proactive,1
role,1
career,4
bout,1
giving,5
satisfaction,9
never,1
picnic,1
place,3
interesting,1
fish,1
maybe,2
official,1
entirely,1
certain,1
everything,2
cool,1
penalized,1
taking,1
gave,2
everybody,1
ins,1
free,4
lunches,2
salaries,3
equivalent,1
offered,1
leveraged,1
upgrade,1
positions,2
careerpromo,1
handbook,1
40,1
provided,1
credi,1
team,8
stress,1
-,1
cut,1
backs,1
building,1
issues,1
conduct,1
pe,1
empower,1
hav,1
office,5
atmosphere,1
dark,1
gloo,1
honor,1
contracts,1
signed,1
promises,1
rew,1
managers,3
decisions,1
red,1
increases,2
stay,2
longer,2
shorten,1
disconnect,1
corporate,2
unlike,1
bosses,1
meetings,1
consume,1
lot,2
regional,1
information,2
sharing,1
involved,2
monetary,1
business,4
chairs,1
squeaky,1
wheels,1
upward,1
mobility,2
achieved,1
clear,1
often,2
appreciation,2
manage,1
faineances,1
insulat,1
health,4
schedules,2
commission,1
break,1
medical,3
quite,1
expensive,1
li,1
though,1
fringe,1
tasks,1
well,4
done,4
realistic,1
quota,1
assignment,1
reps,1
start,3
hr,2
approval,1
processes,1
communicatio,1
technology,2
increasing,1
number,1
full,1
somebody,1
always,4
going,2
unhap,1
consistent,2
program,2
written,1
poli,1
contests,1
parties,1
fl,2
reflecting,4
performan,3
individual,2
achievement,2
bettertreat,1
adjust,1
scale,3
reflect,1
for-profit,1
scales,1
someth,1
annual,2
reviews,3
strictly,1
family,2
messages,1
upper,1
executive,1
stronger,1
operational,1
systems,1
really,3
help,3
wi,1
contact,1
ava,1
positive,2
feedback,3
profess,1
aware,2
notice,1
costs,1
invest,1
kickoff,1
optional,1
match,3
aggrav,1
effort,1
yetim,1
still,1
without,1
surrounding,1
area,1
school,1
cannot,1
anything,4
air,1
quality,1
department,1
trips,1
dinners,1
alon,1
supervisors,1
1980s,1
music,1
everyday,1
continue,2
revert,1
old,2
days,2
shifts,1
also,1
follow,3
thr,2
rid,3
ceo,1
unsure,2
nice,3
competitiv,1
union,2
du,1
cheaper,1
cant,3
wish,1
treated,1
equally,1
pool,1
beer,1
morning,1
say,3
different,1
lik,1
measures,1
fix,1
problems,1
thru,2
except,1
offering,2
dental,2
benef,1
coverage,4
compensate,1
fire,2
store,1
manager,1
hire,2
someone,1
use,1
treating,1
valuable,1
rather,2
exp,1
promotions,2
havent,1
heard,1
tuition,1
put,1
end,2
clicks,1
preferential,1
trea,1
revues,1
cond,1
consider,1
human,1
element,1
wet,1
bar,1
personal,4
developments,1
major,1
changes,1
favoritism,1
rearrange,1
seatingcubicles,1
attention,1
diversity,1
lack,1
relative,1
simil,1
moral,1
last,1
years,1
compa,1
involve,1
lower,1
decision,2
pr,1
sort,1
christmas,1
gift,1
generously,1
listening,2
proble,1
resources,1
hiring,1
skilled,1
workers,1
open,2
doesnt,1
screen,1
timely,1
actions,1
consultation,1
care,3
perhaps,1
spend,2
money,6
bein,1
general,1
complaining,1
internal,1
right,1
co,1
significant,1
differentiat,1
bureaucracy,1
funding,1
worthless,1
order,1
entry,1
process,1
enough,1
said,1
correctly,1
expanding,1
workforce,1
real,2
professional,1
growth,2
needs,4
option,1
comes,2
mind,1
responses,1
suggestions,1
offere,1
back,1
took,1
away,1
available,1
n,2
least,1
chance,1
buy,1
medi,1
based,3
worked,1
used,1
bigger,1
employer,1
ira,1
cont,1
posting,1
offerings,1
e,1
availability,1
replace,1
co-managers,1
yet,1
reasons,1
list,1
crap,1
mor,1
supportive,1
tha,1
bringing,1
remote,1
offices,1
cul,1
view,1
employment,1
making,3
valued,1
member,1
bonuses,4
long,1
financially,1
expand,1
network,1
encourage,1
interdepartmental,1
interaction,2
financial,1
professionals,1
discipl,1
greater,1
opportunities,1
betw,1
flex-time,1
reimbu,1
big,1
brother,1
located,1
bottles,1
water,1
cookies,1
fairly,5
acting,1
upon,1
vision,1
cutting,1
commissions,1
policies,1
throughout,1
entire,1
u,1
movies,1
create,1
instead,2
parking,2
employers,1
unannoun,1
distribute,1
load,1
r,1
interest,2
answers,1
analyzing,1
results,1
reverse,1
cutbacks,1
try,1
train,1
lear,1
sick,1
ti,1
channels,1
starters,1
active,1
overtime,1
etc,1
positio,1
su,1
departmen,1
showing,1
proper,1
tre,1
part-time,1
superior,1
betterfaster,1
communi,1
according,1
boss,1
add,1
please,1
recognition,2
company-matched,1
include,1
wider,1
selection,1
high,1
laptops,1
desktops,1
tell,1
improved,1
condi,1
talk,1
minimum,1
objectivity,1
lose,1
threat,1
beyond,1
repair,1
--,1
closing,1
gossipers,1
trouble,1
makers,1
pizza,1
cheesebu,1
times,1
v,1
security,1
way,1
fine,1
